members:
  - tjvg
  - acp
  - afpr
  - ddmm
  - djrb
  - saa
  - arbs
  - amgmt
  - hhss
  - lvfa
  - aapp
  - dmcg
  - rmnc
  - gdcc
  - vml
  - lmr
  - gmg
  - gus

friends:
  - kkmm
  - hhnn
  - jjff
  - lmcarrico
  - cad
  - cpesquita
  - konstantin
  - bestchai

alumni:
  - ajbn
  - lrs

tjvg:
    name: "Tiago Guerreiro"
    photo: tjvg.png
    info: "Assistant Professor, Group Leader"
    links:
        - name: web
          url: https://tjvguerreiro.github.io
        - name: email
          url: tjvg@di.fc.ul.pt
        - name: scholar
          url: https://scholar.google.com/citations?user=mo6UPuIAAAAJ

afpr:
    name: "André Rodrigues"
    photo: afpr.jpg
    info: "PostDoc Researcher"
    links:
        - name: web
          url: https://andrefprodrigues.github.io
        - name: email
          url: afrodrigues@fc.ul.pt
        - name: scholar
          url: https://scholar.google.com/citations?user=zZd_sZYAAAAJ

arbs:
    name: "André Santos"
    photo: arbs.jpg
    info: "Research Engineer"
    links:
        - name: web
          url: https://arbsantos.github.io
        - name: email
          url: arbsantos@fc.ul.pt
        - name: scholar
          url: https://scholar.google.com/citations?user=R65EmPMAAAAJ
        - name: twitter
          url: https://twitter.com/arbsantos93

djrb:
    name: "Diogo Branco"
    photo: djrb.jpg
    info: "PhD Student"
    links:
        - name: web
          url: https://web.lasige.di.fc.ul.pt/~dbranco/
        - name: email
          url: djbranco@fc.ul.pt
        - name: scholar
          url: https://scholar.google.pt/citations?user=cFuxl7EAAAAJ
        - name: twitter
          url: https://twitter.com/diogobranco94

saa:
    name: "Sérgio Alves"
    photo: saa.jpg
    info: "PhD Student"
    links:
        - name: web
          url: https://openlab.ncl.ac.uk/people/sergio-alves/
        - name: email
          url: sfalves@fc.ul.pt
        - name: scholar
          url: https://scholar.google.co.uk/citations?user=ksBW-T0AAAAJ

lvfa:
    name: "Lúcia Abreu"
    photo: lvfa.jpg
    info: "MSc Student"
    links:
        - name: linkedin
          url: https://www.linkedin.com/in/lucia-abreu/
        - name: email
          url: fc50702@alunos.fc.ul.pt

lrs:
    name: "Laíza Silva"
    photo: lrs.jpg
    info: "Visiting Student (2019)"
    links:
        - name: linkedin
          url: https://www.linkedin.com/in/la%C3%ADza-ribeiro-silva-1b5b60185/
        - name: email
          url: lrsilva@fc.ul.pt
        - name: scholar
          url: https://scholar.google.com/citations?hl=pt-BR&user=gRoepgEAAAAJ
        - name: lattes
          url: http://lattes.cnpq.br/9324969584977927

aapp:
    name: "Angela Purice"
    photo: aapp.jpg
    info: "MSc Student"
    links:
        - name: email
          url: angelapurice@gmail.com

dmcg:
    name: "David Gonçalves"
    photo: dmcg.png
    info: "MSc Student"
    links:
        - name: email
          url: davidslycooper@hotmail.com

ajbn:
    name: Antonio Barros
    photo: ajbn2.jpg
    info: Visiting PostDoc (2019)
    links:
        - name: projects
          url: https://ajbn.github.io
        - name: email
          url: ajneto@fc.ul.pt
        - name: email 2
          url: ajbn.uepa@gmail.com

hhss:
  name: Hugo Simão
  photo: hhss.jpg
  info: MSc student
  links:
      - name: linkedin
        url: https://www.linkedin.com/in/hugo-simão-639594157/
      - name: email
        url: hsimao@lasige.di.fc.ul.pt
      - name: scholar
        url: https://scholar.google.com/citations?user=kxhTLLsAAAAJ&hl=pt-PT

rmnc:
  name: Raquel Chora
  photo: rmnc.jpg
  info: MSc Student
  links:
      - name: email
        url: raquel.chora@hotmail.com

acp:
  name: Ana Pires
  photo: acp.jpg
  info: PostDoc Researcher
  links:
      - name: orcid
        url: https://orcid.org/0000-0001-7747-7112
      - name: email
        url: acdpires@fc.ul.pt
      - name: scholar
        url: https://scholar.google.pt/citations?user=pd_Gb28AAAAJ&hl=pt-PT
      - name: col lab
        url: https://cibpsi.psico.edu.uy/es/investigacion/lineas-de-investigacion/percepci%c3%b3n-e-interacci%c3%b3n

gdcc:
  name: Gonçalo Cardoso
  photo: gdcc.jpg
  info: MSc Student
  links:
      - name: email
        url: goncalodcardoso95@gmail.com

amgmt:
  name: Álvaro	Teles
  photo: amgmt.jpg
  info: MSc Student
  links:
      - name: email
        url: ateles@lasige.di.fc.ul.pt
      - name: twitter
        url: https://twitter.com/f1zbo

vml:
  name: Vitor Lobo
  photo: vml.png
  info: MSc Student
  links:
      - name: email
        url: vitormarqueslobo@gmail.com

lmr:
  name: Laura Rosado
  photo: lmr.jpg
  info: MSc Student
  links:
    - name: email
      url: laurafcul@gmail.com

ddmm:
  name: Diogo Marques
  photo: dmarques.jpg
  info: PhD Student (first job at Google Munich)
  links:
      - name: web
        url: http://diogomarques.net
      - name: email
        url: dmarques@di.fc.ul.pt

gmg:
  name: Guilherme Guimarães
  photo: gmg.jpg
  info: MSc Student
  links:
    - name: email
      url: guiguimaraes@live.com.pt

gus:
  name: Gustavo Fonseca
  photo: gus.jpg
  info: MSc Student
  links:
    - name: email
      url: g.s.fonseca32@gmail.com
    - name: LinkedIn
      url: https://www.linkedin.com/in/gustavo-fonseca94/

jjgg:
  name: João Guerreiro
  redirect: http://joaoguerreiro.net/
  links:
    - name: web
      url: http://joaoguerreiro.net/
    - name: email
      url: jpguerreiro@fc.ul.pt

kkmm:
  name: Kyle Montague
  photo: kkmm.jpg
  info: Openlab, Newcastle University
  redirect: https://www.kylemontague.co.uk
  links:
    - name: web
      url: https://www.kylemontague.co.uk

hhnn:
  name: Hugo Nicolau
  photo: hhnn.jpg
  info: INESC-ID, Lisbon University
  redirect: http://web.tecnico.ulisboa.pt/hugo.nicolau/
  links:
    - name: web
      url: http://web.tecnico.ulisboa.pt/hugo.nicolau/


jjff:
  name: Joaquim Ferreira
  photo: jjff.png
  info: Centro Neurológico Sénior, Torres Vedras
  redirect: https://imm.medicina.ulisboa.pt/investigation/laboratories/joaquim-ferreira-lab/#intro
  links:
    - name: web
      url: https://imm.medicina.ulisboa.pt/investigation/laboratories/joaquim-ferreira-lab/#intro


lmcarrico:
  name: Luís Carriço
  photo: lmcarrico.jpeg
  info: Lasige, Lisbon University
  redirect: https://ciencias.ulisboa.pt/en/perfil/lmcarrico
  links:
    - name: web
      url: https://ciencias.ulisboa.pt/en/perfil/lmcarrico

cad:
  name: Carlos Duarte
  photo: cad.jpeg
  info: Lasige, Lisbon University
  redirect: http://www.di.fc.ul.pt/~cad/
  links:
    - name: web
      url: http://www.di.fc.ul.pt/~cad/

cpesquita:
  name: Cátia Pesquita
  photo: cpesquita.jpeg
  info: Lasige, Lisbon University
  redirect: http://www.di.fc.ul.pt/~catiapesquita/
  links:
    - name: web
      url: http://www.di.fc.ul.pt/~catiapesquita/

bestchai:
  name: Ivan Beschastnikh
  photo: bestchai.jpg
  info: University of British Columbia
  redirect: https://www.cs.ubc.ca/~bestchai/
  links:
    - name: web
      url: https://www.cs.ubc.ca/~bestchai/

konstantin:
  name: Konstantin Beznosov
  photo: konstantin.png
  info: University of British Columbia
  redirect: https://www.cs.ubc.ca/~bestchai/
  links:
    - name: web
      url: https://www.cs.ubc.ca/~bestchai/